id,Name,Created (UTC),Interval,Amount,Currency,Interval Count,Trial Period Days,Statement Descriptor
O-B-Y-1-49,O-B-Y-1-49,2016-07-12 18:51,year,4900,usd,1,,PICT-YR-1
O-B-Y-4-196,O-B-Y-4-196,2016-06-14 20:53,year,19600,usd,1,,PICT-YR-4
O-B-M-4-20,O-B-M-4-20,2016-06-14 20:53,day,2000,usd,30,,PICT-MON-4
O-B-Y-3-147,O-B-Y-3-147,2016-06-14 20:52,year,14700,usd,1,,PICT-YR-3
O-B-M-3-15,O-B-M-3-15,2016-06-14 20:52,day,1500,usd,30,,PICT-MON-3
O-B-Y-2-98,O-B-Y-2-98,2016-06-14 20:51,year,9800,usd,1,,PICT-YR-2
O-B-M-2-10,O-B-M-2-10,2016-06-14 20:50,day,1000,usd,30,,PICT-MON-2
subscription-6-yearly,subscription-6-yearly,2016-06-05 13:09,year,4900,usd,1,,pictographr yearly
O-B-Y-1000-49000,O-B-Y-1000-49000,2016-06-05 00:39,year,4900000,usd,1,,PICT-YR-1000
O-B-M-1000-5000,O-B-M-1000-5000,2016-06-05 00:38,day,500000,usd,30,,PICT-MON-1000
O-B-Y-500-24500,O-B-Y-500-24500,2016-06-05 00:37,year,2450000,usd,1,,PICT-YR-500
O-B-M-500-2500,O-B-M-500-2500,2016-06-05 00:37,day,250000,usd,30,,PICT-MON-500
O-B-Y-200-9800,O-B-Y-200-9800,2016-06-05 00:35,year,980000,usd,1,,PICT-YR-200
O-B-M-200-1000,O-B-M-200-1000,2016-06-05 00:34,day,100000,usd,30,,PICT-MON-200
O-B-Y-50-2450,O-B-Y-50-2450,2016-06-05 00:32,year,245000,usd,1,,PICT-YR-50
O-B-M-100-500,O-B-M-100-500,2016-06-05 00:32,day,50000,usd,30,,PICT-MON-100
O-B-Y-100-4900,O-B-Y-100-4900,2016-06-05 00:30,year,490000,usd,1,,PICT-YR-100
O-B-M-50-250,O-B-M-50-250,2016-06-05 00:28,day,25000,usd,30,,PICT-MON-50
O-B-Y-20-980,O-B-Y-20-980,2016-06-05 00:27,year,98000,usd,1,,PICT-YR-20
O-B-M-20-100,O-B-M-20-100,2016-06-05 00:26,day,10000,usd,30,,PICT-MON-20
O-B-Y-5-245,O-B-Y-5-245,2016-06-05 00:25,year,24500,usd,1,,PICT-YR-5
O-B-M-10-50,O-B-M-10-50,2016-06-05 00:23,day,5000,usd,30,,PICT-MON-10
O-B-Y-10-490,O-B-Y-10-490,2016-06-05 00:22,year,49000,usd,1,,PICT-YR-10
O-B-M-5-25,O-B-M-5-25,2016-06-05 00:21,day,2500,usd,30,,PICT-MON-5
O-B-M-1-5,O-B-M-1-5,2016-06-05 00:19,day,500,usd,30,,PICT-MON-1
subscription-3-yearly,subscription-3-yearly,2016-06-01 23:01,year,10000,usd,1,,pictographr Yearly
subscription-24-monthly,$24 Monthly Default,2016-03-07 19:11,day,2400,usd,30,,pictographr monthly
subscription-6-monthly,$5 Monthly,2016-03-07 19:07,day,500,usd,30,,pictographr monthly
subscription-240-yearly,$240 Yearly - Default,2016-03-07 19:00,year,24000,usd,1,,pictographr annual
subscription-4-yearly,$150 Yearly Corp 2,2016-03-07 18:58,year,15000,usd,1,,pictographr-annual
subscription-4-monthly,$15 Monthly Corp 2,2016-03-07 18:50,day,1500,usd,30,,Pictographr $15 Month
subscription-1-monthly,$7 Monthly - Student 2,2015-11-09 02:16,day,700,usd,30,,Pictographr $7 Month
subscription-3-monthly,$10 Monthly - Corp 1,2015-11-09 02:14,day,1000,usd,30,,Pictographr $10 Month
subscription-1-yearly,$60 Yearly - Student 2,2015-11-07 15:15,year,6000,usd,1,,Pictographr $60 Yearly
